DELETE FROM roadmap;
DELETE FROM cost_estimate;
DELETE FROM construction_request;
DELETE FROM settlement;
DELETE FROM installation_form;
DELETE FROM laterals;
DELETE FROM water_supply_network;
DELETE FROM neighborhood_unit;
DELETE FROM hamlet;
DELETE FROM commune;
DELETE FROM road;

INSERT INTO installation_form (form_code, address, bank_account_number, bank_account_provider_location,
                               citizen_identification_number, citizen_identification_provide_date,
                               citizen_identification_provide_location, created_at, created_by, customer_name,
                               form_number, household_registration_number, number_of_household, overall_water_meter_id,
                               phone_number, received_form_at, updated_at, usage_target, customer_type, handover_by,
                               representative, schedule_survey_at, status, tax_code, water_supply_network_id)
VALUES (80000001001, '123 Le Loi, District 1, HCMC', '190312345678', 'Techcombank HCMC',
        '079090000001', '2020-01-01', 'CA TPHCM', '2024-01-01 10:00:00', 'd35fa80e-0289-4b23-96db-0c43adde4fe2',
        'Nguyen Van A', 20240001, 123456, 4, 'METER-001', '0901234567', '2024-01-01 09:00:00',
        '2024-01-01 10:00:00', 'DOMESTIC', 'COMPANY', NULL, NULL, NULL, '{
    "contract": "PROCESSING",
    "estimate": "PROCESSING",
    "construction": "PROCESSING",
    "registration": "PROCESSING"
  }', NULL, NULL),
       (80000001002, '456 Nguyen Hue, District 1, HCMC', '190312345679', 'Vietcombank HCMC',
        '079090000002', '2020-01-02', 'CA TPHCM', '2024-01-02 10:00:00', 'd35fa80e-0289-4b23-96db-0c43adde4fe2',
        'Tran Thi B', 20240002, 223456, 3, 'METER-002', '0901234568', '2024-01-02 09:00:00',
        '2024-01-02 10:00:00', 'DOMESTIC', 'FAMILY', NULL, NULL, NULL, '{
         "contract": "PROCESSING",
         "estimate": "PROCESSING",
         "construction": "PROCESSING",
         "registration": "PROCESSING"
       }', NULL, NULL),
       (80000001003, '789 Hai Ba Trung, District 3, HCMC', '190312345680', 'ACB HCMC',
        '079090000003', '2020-01-03', 'CA TPHCM', '2024-01-03 10:00:00', 'd35fa80e-0289-4b23-96db-0c43adde4fe2',
        'Le Van C', 20240003, 323456, 5, 'METER-003', '0901234569', '2024-01-03 09:00:00',
        '2024-01-03 10:00:00', 'COMMERCIAL', 'COMPANY', NULL, NULL, NULL, '{
         "contract": "PROCESSING",
         "estimate": "PROCESSING",
         "construction": "PROCESSING",
         "registration": "PROCESSING"
       }', NULL, NULL),
       (80000001004, '101 Dien Bien Phu, Binh Thanh, HCMC', '190312345681', 'BIDV HCMC',
        '079090000004', '2020-01-04', 'CA TPHCM', '2024-01-04 10:00:00', 'd35fa80e-0289-4b23-96db-0c43adde4fe2',
        'Pham Thi D', 20240004, 423456, 2, 'METER-004', '0901234570', '2024-01-04 09:00:00',
        '2024-01-04 10:00:00', 'DOMESTIC', 'FAMILY', NULL, NULL, NULL, '{
         "contract": "PROCESSING",
         "estimate": "PROCESSING",
         "construction": "PROCESSING",
         "registration": "PROCESSING"
       }', NULL, NULL),
       (80000001005, '202 Nguyen Thi Minh Khai, District 1, HCMC', '190312345682', 'VPBank HCMC',
        '079090000005', '2020-01-05', 'CA TPHCM', '2024-01-05 10:00:00', 'd35fa80e-0289-4b23-96db-0c43adde4fe2',
        'Hoang Thi E', 20240005, 523456, 3, 'METER-005', '0901234571', '2024-01-05 09:00:00',
        '2024-01-05 10:00:00', 'COMMERCIAL', 'COMPANY', NULL, NULL, NULL, '{
         "contract": "PROCESSING",
         "estimate": "PROCESSING",
         "construction": "PROCESSING",
         "registration": "PROCESSING"
       }', NULL, NULL),
       (80000001006, '303 Cach Mang Thang Tam, District 10, HCMC', '190312345683', 'MBBank HCMC',
        '079090000006', '2020-01-06', 'CA TPHCM', '2024-01-06 10:00:00', 'd35fa80e-0289-4b23-96db-0c43adde4fe2',
        'Nguyen Van F', 20240006, 623456, 4, 'METER-006', '0901234572', '2024-01-06 09:00:00',
        '2024-01-06 10:00:00', 'DOMESTIC', 'FAMILY', NULL, NULL, NULL, '{
         "contract": "PROCESSING",
         "estimate": "PROCESSING",
         "construction": "PROCESSING",
         "registration": "PROCESSING"
       }', NULL, NULL),
       (80000001007, '404 Le Van Sy, Phu Nhuan, HCMC', '190312345684', 'Sacombank HCMC',
        '079090000007', '2020-01-07', 'CA TPHCM', '2024-01-07 10:00:00', 'd35fa80e-0289-4b23-96db-0c43adde4fe2',
        'Tran Thi G', 20240007, 723456, 2, 'METER-007', '0901234573', '2024-01-07 09:00:00',
        '2024-01-07 10:00:00', 'COMMERCIAL', 'COMPANY', NULL, NULL, NULL, '{
         "contract": "PROCESSING",
         "estimate": "PROCESSING",
         "construction": "PROCESSING",
         "registration": "PROCESSING"
       }', NULL, NULL),
       (80000001008, '505 Nguyen Van Luong, Binh Thanh, HCMC', '190312345685', 'Techcombank HCMC',
        '079090000008', '2020-01-08', 'CA TPHCM', '2024-01-08 10:00:00', 'd35fa80e-0289-4b23-96db-0c43adde4fe2',
        'Le Van H', 20240008, 823456, 5, 'METER-008', '0901234574', '2024-01-08 09:00:00',
        '2024-01-08 10:00:00', 'DOMESTIC', 'FAMILY', NULL, NULL, NULL, '{
         "contract": "PROCESSING",
         "estimate": "PROCESSING",
         "construction": "PROCESSING",
         "registration": "PROCESSING"
       }', NULL, NULL),
       (80000001009, '606 Hoang Van Thu, Tan Binh, HCMC', '190312345686', 'Vietinbank HCMC',
        '079090000009', '2020-01-09', 'CA TPHCM', '2024-01-09 10:00:00', 'd35fa80e-0289-4b23-96db-0c43adde4fe2',
        'Pham Thi I', 20240009, 923456, 3, 'METER-009', '0901234575', '2024-01-09 09:00:00',
        '2024-01-09 10:00:00', 'COMMERCIAL', 'COMPANY', NULL, NULL, NULL, '{
         "contract": "PROCESSING",
         "estimate": "PROCESSING",
         "construction": "PROCESSING",
         "registration": "PROCESSING"
       }', NULL, NULL),
       (80000001010, '707 Nguyen Thi Minh Khai, District 3, HCMC', '190312345687', 'BIDV HCMC',
        '079090000010', '2020-01-10', 'CA TPHCM', '2024-01-10 10:00:00', 'd35fa80e-0289-4b23-96db-0c43adde4fe2',
        'Nguyen Van J', 20240010, 1023456, 4, 'METER-010', '0901234576', '2024-01-10 09:00:00',
        '2024-01-10 10:00:00', 'DOMESTIC', 'FAMILY', NULL, NULL, NULL, '{
         "contract": "PROCESSING",
         "estimate": "PROCESSING",
         "construction": "PROCESSING",
         "registration": "PROCESSING"
       }', NULL, NULL),
       (80000001011, '808 Le Loi, District 1, HCMC', '190312345688', 'Techcombank HCMC',
        '079090000011', '2020-01-11', 'CA TPHCM', '2024-01-11 10:00:00', 'd35fa80e-0289-4b23-96db-0c43adde4fe2',
        'Nguyen Van K', 20240011, 1123456, 4, 'METER-011', '0901234577', '2024-01-11 09:00:00',
        '2024-01-11 10:00:00', 'DOMESTIC', 'FAMILY', NULL, NULL, NULL, '{
         "contract": "PROCESSING",
         "estimate": "PROCESSING",
         "construction": "PROCESSING",
         "registration": "PROCESSING"
       }', NULL, NULL),
       (80000001012, '909 Nguyen Hue, District 1, HCMC', '190312345689', 'Vietcombank HCMC',
        '079090000012', '2020-01-12', 'CA TPHCM', '2024-01-12 10:00:00', 'd35fa80e-0289-4b23-96db-0c43adde4fe2',
        'Tran Thi L', 20240012, 1223456, 3, 'METER-012', '0901234578', '2024-01-12 09:00:00',
        '2024-01-12 10:00:00', 'DOMESTIC', 'FAMILY', NULL, NULL, NULL, '{
         "contract": "PROCESSING",
         "estimate": "PROCESSING",
         "construction": "PROCESSING",
         "registration": "PROCESSING"
       }', NULL, NULL),
       (80000001013, '111 Hai Ba Trung, District 3, HCMC', '190312345690', 'ACB HCMC',
        '079090000013', '2020-01-13', 'CA TPHCM', '2024-01-13 10:00:00', 'd35fa80e-0289-4b23-96db-0c43adde4fe2',
        'Le Van M', 20240013, 1323456, 5, 'METER-013', '0901234579', '2024-01-13 09:00:00',
        '2024-01-13 10:00:00', 'COMMERCIAL', 'COMPANY', NULL, NULL, NULL, '{
         "contract": "PROCESSING",
         "estimate": "PROCESSING",
         "construction": "PROCESSING",
         "registration": "PROCESSING"
       }', NULL, NULL),
       (80000001014, '222 Dien Bien Phu, Binh Thanh, HCMC', '190312345691', 'BIDV HCMC',
        '079090000014', '2020-01-14', 'CA TPHCM', '2024-01-14 10:00:00', 'd35fa80e-0289-4b23-96db-0c43adde4fe2',
        'Pham Thi N', 20240014, 1423456, 2, 'METER-014', '0901234580', '2024-01-14 09:00:00',
        '2024-01-14 10:00:00', 'DOMESTIC', 'FAMILY', NULL, NULL, NULL, '{
         "contract": "PROCESSING",
         "estimate": "PROCESSING",
         "construction": "PROCESSING",
         "registration": "PROCESSING"
       }', NULL, NULL),
       (80000001015, '333 Nguyen Thi Minh Khai, District 1, HCMC', '190312345692', 'VPBank HCMC',
        '079090000015', '2020-01-15', 'CA TPHCM', '2024-01-15 10:00:00', 'd35fa80e-0289-4b23-96db-0c43adde4fe2',
        'Hoang Thi O', 20240015, 1523456, 3, 'METER-015', '0901234581', '2024-01-15 09:00:00',
        '2024-01-15 10:00:00', 'COMMERCIAL', 'COMPANY', NULL, NULL, NULL, '{
         "contract": "PROCESSING",
         "estimate": "PROCESSING",
         "construction": "PROCESSING",
         "registration": "PROCESSING"
       }', NULL, NULL);

INSERT INTO water_supply_network (branch_id, created_at, name, updated_at)
VALUES ('550e8400-e29b-41d4-a716-446655440001', '2024-01-01 00:00:00', 'Thành phố Nam Định', '2024-01-01 00:00:00'),
       ('550e8400-e29b-41d4-a716-446655440002', '2024-01-01 00:00:00', 'Nhà máy nước Tân Hiệp', '2024-01-01 00:00:00'),
       ('550e8400-e29b-41d4-a716-446655440003', '2024-01-01 00:00:00', 'Nhà máy nước BOO Thủ Đức',
        '2024-01-01 00:00:00'),
       ('550e8400-e29b-41d4-a716-446655440004', '2024-01-01 00:00:00', 'Nhà máy nước Kênh Đông', '2024-01-01 00:00:00'),
       ('550e8400-e29b-41d4-a716-446655440005', '2024-01-01 00:00:00', 'Nhà máy nước Bình An', '2024-01-01 00:00:00'),
       ('550e8400-e29b-41d4-a716-446655440006', '2024-01-01 00:00:00', 'Nhà máy nước Tân Phú', '2024-01-01 00:00:00'),
       ('550e8400-e29b-41d4-a716-446655440007', '2024-01-01 00:00:00', 'Nhà máy nước Ngầm', '2024-01-01 00:00:00'),
       ('550e8400-e29b-41d4-a716-446655440008', '2024-01-01 00:00:00', 'Trạm bơm tăng áp số 1', '2024-01-01 00:00:00'),
       ('550e8400-e29b-41d4-a716-446655440009', '2024-01-01 00:00:00', 'Trạm bơm tăng áp số 2', '2024-01-01 00:00:00'),
       ('550e8400-e29b-41d4-a716-446655440010', '2024-01-01 00:00:00', 'Trạm cấp nước Bình Chánh',
        '2024-01-01 00:00:00'),
       ('550e8400-e29b-41d4-a716-446655440011', '2024-01-01 00:00:00', 'Trạm cấp nước Nhà Bè', '2024-01-01 00:00:00'),
       ('550e8400-e29b-41d4-a716-446655440012', '2024-01-01 00:00:00', 'Trạm cấp nước Cần Giờ', '2024-01-01 00:00:00'),
       ('550e8400-e29b-41d4-a716-446655440013', '2024-01-01 00:00:00', 'Mạng lưới cấp nước Khu Công Nghệ Cao',
        '2024-01-01 00:00:00'),
       ('550e8400-e29b-41d4-a716-446655440014', '2024-01-01 00:00:00', 'Mạng lưới cấp nước Khu Đô Thị Mới Thủ Thiêm',
        '2024-01-01 00:00:00');

INSERT INTO commune (commune_id, created_at, name, type, updated_at)
VALUES ('0f1c0a3a-3c3c-4f33-8c24-7a7c0d6a0001', now(), 'Thị trấn Nam Giang', 'RURAL_COMMUNE', now()),
       ('0f1c0a3a-3c3c-4f33-8c24-7a7c0d6a0002', now(), 'Xã Bình Minh', 'RURAL_COMMUNE', now()),
       ('0f1c0a3a-3c3c-4f33-8c24-7a7c0d6a0003', now(), 'Xã Nam Điền', 'RURAL_COMMUNE', now()),
       ('0f1c0a3a-3c3c-4f33-8c24-7a7c0d6a0004', now(), 'Xã Đồng Sơn', 'RURAL_COMMUNE', now()),
       ('0f1c0a3a-3c3c-4f33-8c24-7a7c0d6a0005', now(), 'Xã Hồng Quang', 'RURAL_COMMUNE', now()),
       ('0f1c0a3a-3c3c-4f33-8c24-7a7c0d6a0006', now(), 'Xã Nam Cường', 'RURAL_COMMUNE', now()),
       ('0f1c0a3a-3c3c-4f33-8c24-7a7c0d6a0007', now(), 'Xã Nam Dương', 'RURAL_COMMUNE', now()),
       ('0f1c0a3a-3c3c-4f33-8c24-7a7c0d6a0008', now(), 'Xã Nam Ninh', 'RURAL_COMMUNE', now()),
       ('0f1c0a3a-3c3c-4f33-8c24-7a7c0d6a0009', now(), 'Xã Nam Hoa', 'RURAL_COMMUNE', now()),
       ('0f1c0a3a-3c3c-4f33-8c24-7a7c0d6a0010', now(), 'Xã Nam Hồng', 'RURAL_COMMUNE', now()),
       ('0f1c0a3a-3c3c-4f33-8c24-7a7c0d6a0011', now(), 'Xã Nam Hùng', 'RURAL_COMMUNE', now()),
       ('0f1c0a3a-3c3c-4f33-8c24-7a7c0d6a0012', now(), 'Xã Nam Lợi', 'RURAL_COMMUNE', now()),
       ('0f1c0a3a-3c3c-4f33-8c24-7a7c0d6a0013', now(), 'Xã Nam Mỹ', 'RURAL_COMMUNE', now()),
       ('0f1c0a3a-3c3c-4f33-8c24-7a7c0d6a0014', now(), 'Xã Nam Thắng', 'RURAL_COMMUNE', now()),
       ('0f1c0a3a-3c3c-4f33-8c24-7a7c0d6a0015', now(), 'Xã Nam Thái', 'RURAL_COMMUNE', now()),
       ('0f1c0a3a-3c3c-4f33-8c24-7a7c0d6a0016', now(), 'Xã Nam Thanh', 'RURAL_COMMUNE', now()),
       ('0f1c0a3a-3c3c-4f33-8c24-7a7c0d6a0017', now(), 'Xã Nam Tiến', 'RURAL_COMMUNE', now()),
       ('0f1c0a3a-3c3c-4f33-8c24-7a7c0d6a0018', now(), 'Xã Nam Toàn', 'RURAL_COMMUNE', now()),
       ('0f1c0a3a-3c3c-4f33-8c24-7a7c0d6a0019', now(), 'Xã Nghĩa An', 'RURAL_COMMUNE', now()),
       ('0f1c0a3a-3c3c-4f33-8c24-7a7c0d6a0020', now(), 'Xã Tân Thịnh', 'RURAL_COMMUNE', now()),
       ('0f1c0a3a-3c3c-4f33-8c24-7a7c0d6a0021', now(), 'Xã Cát Thành', 'RURAL_COMMUNE', now()),
       ('0f1c0a3a-3c3c-4f33-8c24-7a7c0d6a0022', now(), 'Xã Mỹ Hưng', 'RURAL_COMMUNE', now()),
       ('0f1c0a3a-3c3c-4f33-8c24-7a7c0d6a0023', now(), 'Phường Vị Xuyên', 'URBAN_WARD', now()),
       ('0f1c0a3a-3c3c-4f33-8c24-7a7c0d6a0024', now(), 'Phường Trần Tế Xương', 'URBAN_WARD', now()),
       ('0f1c0a3a-3c3c-4f33-8c24-7a7c0d6a0025', now(), 'Phường Cửa Bắc', 'URBAN_WARD', now()),
       ('0f1c0a3a-3c3c-4f33-8c24-7a7c0d6a0026', now(), 'Phường Cửa Nam', 'URBAN_WARD', now()),
       ('0f1c0a3a-3c3c-4f33-8c24-7a7c0d6a0027', now(), 'Phường Vị Hoàng', 'URBAN_WARD', now()),
       ('0f1c0a3a-3c3c-4f33-8c24-7a7c0d6a0028', now(), 'Phường Trần Hưng Đạo', 'URBAN_WARD', now());

INSERT INTO hamlet (hamlet_id, created_at, name, type, updated_at, commune_id)
VALUES ('1a2b3c4d-0001-4a4a-9b9b-aaaaaaaa0001', now(), 'Thôn Bốn', 'HAMLET', now(),
        '0f1c0a3a-3c3c-4f33-8c24-7a7c0d6a0008'),
       ('1a2b3c4d-0001-4a4a-9b9b-aaaaaaaa0002', now(), 'Thôn Cau', 'HAMLET', now(),
        '0f1c0a3a-3c3c-4f33-8c24-7a7c0d6a0008'),
       ('1a2b3c4d-0001-4a4a-9b9b-aaaaaaaa0003', now(), 'Thôn Cầu Ghềnh', 'HAMLET', now(),
        '0f1c0a3a-3c3c-4f33-8c24-7a7c0d6a0008'),
       ('1a2b3c4d-0001-4a4a-9b9b-aaaaaaaa0004', now(), 'Thôn Cầu Thiệu', 'HAMLET', now(),
        '0f1c0a3a-3c3c-4f33-8c24-7a7c0d6a0008'),
       ('1a2b3c4d-0001-4a4a-9b9b-aaaaaaaa0005', now(), 'Thôn Cổ Trang', 'HAMLET', now(),
        '0f1c0a3a-3c3c-4f33-8c24-7a7c0d6a0008'),
       ('1a2b3c4d-0001-4a4a-9b9b-aaaaaaaa0006', now(), 'Thôn Đông Bình', 'HAMLET', now(),
        '0f1c0a3a-3c3c-4f33-8c24-7a7c0d6a0008'),
       ('1a2b3c4d-0001-4a4a-9b9b-aaaaaaaa0007', now(), 'Thôn Hải An', 'HAMLET', now(),
        '0f1c0a3a-3c3c-4f33-8c24-7a7c0d6a0008'),
       ('1a2b3c4d-0001-4a4a-9b9b-aaaaaaaa0008', now(), 'Thôn Mỹ', 'HAMLET', now(),
        '0f1c0a3a-3c3c-4f33-8c24-7a7c0d6a0008'),
       ('1a2b3c4d-0001-4a4a-9b9b-aaaaaaaa0009', now(), 'Thôn Nam Hạ', 'HAMLET', now(),
        '0f1c0a3a-3c3c-4f33-8c24-7a7c0d6a0008'),
       ('1a2b3c4d-0001-4a4a-9b9b-aaaaaaaa0010', now(), 'Thôn Nam Thượng', 'HAMLET', now(),
        '0f1c0a3a-3c3c-4f33-8c24-7a7c0d6a0008'),
       ('1a2b3c4d-0001-4a4a-9b9b-aaaaaaaa0011', now(), 'Thôn Thiệu Dương', 'HAMLET', now(),
        '0f1c0a3a-3c3c-4f33-8c24-7a7c0d6a0008'),
       ('1a2b3c4d-0001-4a4a-9b9b-aaaaaaaa0012', now(), 'Thôn Thượng', 'HAMLET', now(),
        '0f1c0a3a-3c3c-4f33-8c24-7a7c0d6a0008'),
       ('1a2b3c4d-0001-4a4a-9b9b-aaaaaaaa0013', now(), 'Thôn Trà', 'HAMLET', now(),
        '0f1c0a3a-3c3c-4f33-8c24-7a7c0d6a0008'),
       ('1a2b3c4d-0001-4a4a-9b9b-aaaaaaaa0014', now(), 'Thôn Trang Hậu', 'HAMLET', now(),
        '0f1c0a3a-3c3c-4f33-8c24-7a7c0d6a0008'),
       ('1a2b3c4d-0001-4a4a-9b9b-aaaaaaaa0015', now(), 'Thôn Trực Hưng', 'HAMLET', now(),
        '0f1c0a3a-3c3c-4f33-8c24-7a7c0d6a0008'),
       ('1a2b3c4d-0001-4a4a-9b9b-aaaaaaaa0016', now(), 'Thôn Xối Tây', 'HAMLET', now(),
        '0f1c0a3a-3c3c-4f33-8c24-7a7c0d6a0016'),
       ('1a2b3c4d-0001-4a4a-9b9b-aaaaaaaa0017', now(), 'Thôn Nội', 'HAMLET', now(),
        '0f1c0a3a-3c3c-4f33-8c24-7a7c0d6a0016'),
       ('1a2b3c4d-0001-4a4a-9b9b-aaaaaaaa0018', now(), 'Thôn Phú An', 'HAMLET', now(),
        '0f1c0a3a-3c3c-4f33-8c24-7a7c0d6a0021'),
       ('1a2b3c4d-0001-4a4a-9b9b-aaaaaaaa0019', now(), 'Thôn Bắc Sơn', 'HAMLET', now(),
        '0f1c0a3a-3c3c-4f33-8c24-7a7c0d6a0021'),
       ('1a2b3c4d-0001-4a4a-9b9b-aaaaaaaa0020', now(), 'Thôn Bắc Phong', 'HAMLET', now(),
        '0f1c0a3a-3c3c-4f33-8c24-7a7c0d6a0021');

INSERT INTO neighborhood_unit (unit_id, created_at, name, updated_at, commune_id)
VALUES ('2b3c4d5e-1000-4bbb-9ccc-bbbbbbbb0001', now(), 'Xóm 4 (Xã Mỹ Hưng)', now(),
        '0f1c0a3a-3c3c-4f33-8c24-7a7c0d6a0028'),
       ('2b3c4d5e-1000-4bbb-9ccc-bbbbbbbb0002', now(), 'Xóm 1', now(), '0f1c0a3a-3c3c-4f33-8c24-7a7c0d6a0008'),
       ('2b3c4d5e-1000-4bbb-9ccc-bbbbbbbb0003', now(), 'Xóm 2', now(), '0f1c0a3a-3c3c-4f33-8c24-7a7c0d6a0008'),
       ('2b3c4d5e-1000-4bbb-9ccc-bbbbbbbb0004', now(), 'Xóm 3', now(), '0f1c0a3a-3c3c-4f33-8c24-7a7c0d6a0008'),
       ('2b3c4d5e-1000-4bbb-9ccc-bbbbbbbb0005', now(), 'Xóm 4 (Xã Nam Ninh)', now(),
        '0f1c0a3a-3c3c-4f33-8c24-7a7c0d6a0008'),
       ('2b3c4d5e-1000-4bbb-9ccc-bbbbbbbb0006', now(), 'Xóm 5', now(), '0f1c0a3a-3c3c-4f33-8c24-7a7c0d6a0008'),
       ('2b3c4d5e-1000-4bbb-9ccc-bbbbbbbb0007', now(), 'Xóm 6', now(), '0f1c0a3a-3c3c-4f33-8c24-7a7c0d6a0008'),
       ('2b3c4d5e-1000-4bbb-9ccc-bbbbbbbb0008', now(), 'Xóm 7', now(), '0f1c0a3a-3c3c-4f33-8c24-7a7c0d6a0008'),
       ('2b3c4d5e-1000-4bbb-9ccc-bbbbbbbb0009', now(), 'Xóm 8', now(), '0f1c0a3a-3c3c-4f33-8c24-7a7c0d6a0008'),
       ('2b3c4d5e-1000-4bbb-9ccc-bbbbbbbb0010', now(), 'Xóm 9', now(), '0f1c0a3a-3c3c-4f33-8c24-7a7c0d6a0008'),
       ('2b3c4d5e-1000-4bbb-9ccc-bbbbbbbb0011', now(), 'Xóm 10', now(), '0f1c0a3a-3c3c-4f33-8c24-7a7c0d6a0008'),
       ('2b3c4d5e-1000-4bbb-9ccc-bbbbbbbb0012', now(), 'Xóm 11', now(), '0f1c0a3a-3c3c-4f33-8c24-7a7c0d6a0008'),
       ('2b3c4d5e-1000-4bbb-9ccc-bbbbbbbb0013', now(), 'Xóm 12', now(), '0f1c0a3a-3c3c-4f33-8c24-7a7c0d6a0008'),
       ('2b3c4d5e-1000-4bbb-9ccc-bbbbbbbb0014', now(), 'Xóm 13', now(), '0f1c0a3a-3c3c-4f33-8c24-7a7c0d6a0008'),
       ('2b3c4d5e-1000-4bbb-9ccc-bbbbbbbb0015', now(), 'Xóm 14', now(), '0f1c0a3a-3c3c-4f33-8c24-7a7c0d6a0008'),
       ('2b3c4d5e-1000-4bbb-9ccc-bbbbbbbb0016', now(), 'Xóm 15', now(), '0f1c0a3a-3c3c-4f33-8c24-7a7c0d6a0008'),
       ('2b3c4d5e-1000-4bbb-9ccc-bbbbbbbb0017', now(), 'Xóm 16', now(), '0f1c0a3a-3c3c-4f33-8c24-7a7c0d6a0008'),
       ('2b3c4d5e-1000-4bbb-9ccc-bbbbbbbb0018', now(), 'Xóm 17', now(), '0f1c0a3a-3c3c-4f33-8c24-7a7c0d6a0008'),
       ('2b3c4d5e-1000-4bbb-9ccc-bbbbbbbb0019', now(), 'Xóm 18', now(), '0f1c0a3a-3c3c-4f33-8c24-7a7c0d6a0008'),
       ('2b3c4d5e-1000-4bbb-9ccc-bbbbbbbb0020', now(), 'Xóm 19', now(), '0f1c0a3a-3c3c-4f33-8c24-7a7c0d6a0008'),
       ('2b3c4d5e-1000-4bbb-9ccc-bbbbbbbb0021', now(), 'Xóm 20', now(), '0f1c0a3a-3c3c-4f33-8c24-7a7c0d6a0008');

INSERT INTO road (road_id, created_at, name, updated_at)
VALUES ('3c4d5e6f-2000-4ccc-9ddd-cccc4ccc0001', now(), 'KĐT Hòa Vượng', now()),
       ('3c4d5e6f-2000-4ccc-9ddd-cccc4ccc0002', now(), 'KĐT Mỹ Trung', now()),
       ('3c4d5e6f-2000-4ccc-9ddd-cccc4ccc0003', now(), 'KĐT Thống Nhất', now()),
       ('3c4d5e6f-2000-4ccc-9ddd-cccc4ccc0004', now(), 'Đường 38A', now()),
       ('3c4d5e6f-2000-4ccc-9ddd-cccc4ccc0005', now(), 'Bắc Mỹ Tân', now()),
       ('3c4d5e6f-2000-4ccc-9ddd-cccc4ccc0006', now(), 'Đường 10', now()),
       ('3c4d5e6f-2000-4ccc-9ddd-cccc4ccc0007', now(), 'Đệ tứ', now()),
       ('3c4d5e6f-2000-4ccc-9ddd-cccc4ccc0008', now(), 'Nam Mỹ Tân', now()),
       ('3c4d5e6f-2000-4ccc-9ddd-cccc4ccc0009', now(), 'Quốc lộ 10', now()),
       ('3c4d5e6f-2000-4ccc-9ddd-cccc4ccc0010', now(), 'Đường Trần Thừa', now()),
       ('3c4d5e6f-2000-4ccc-9ddd-cccc4ccc0011', now(), 'Trần Thái Tông', now()),
       ('3c4d5e6f-2000-4ccc-9ddd-cccc4ccc0012', now(), 'Hoàng Văn Thái', now()),
       ('3c4d5e6f-2000-4ccc-9ddd-cccc4ccc0013', now(), 'Nguyễn Hữu Huân', now()),
       ('3c4d5e6f-2000-4ccc-9ddd-cccc4ccc0014', now(), 'Đường Nam Ninh Hải', now()),
       ('3c4d5e6f-2000-4ccc-9ddd-cccc4ccc0015', now(), 'Đường 21', now()),
       ('3c4d5e6f-2000-4ccc-9ddd-cccc4ccc0016', now(), 'Đường 21B', now()),
       ('3c4d5e6f-2000-4ccc-9ddd-cccc4ccc0017', now(), 'Đường 488B', now()),
       ('3c4d5e6f-2000-4ccc-9ddd-cccc4ccc0018', now(), 'Đường 53B', now()),
       ('3c4d5e6f-2000-4ccc-9ddd-cccc4ccc0019', now(), 'Cầu Điện Biên', now()),
       ('3c4d5e6f-2000-4ccc-9ddd-cccc4ccc0020', now(), 'Chợ Mới', now()),
       ('3c4d5e6f-2000-4ccc-9ddd-cccc4ccc0021', now(), 'Chợ Cũ Ngõ I+II', now()),
       ('3c4d5e6f-2000-4ccc-9ddd-cccc4ccc0022', now(), 'Cầu Trạm Xá', now());

INSERT INTO laterals (lateral_id, created_at, name, updated_at, water_supply_network_id)
VALUES ('4d5e6f70-3000-4ddd-9eee-dddd4ddd0001', now(), 'A300', now(), NULL),
       ('4d5e6f70-3000-4ddd-9eee-dddd4ddd0002', now(), 'B600m', now(), NULL),
       ('4d5e6f70-3000-4ddd-9eee-dddd4ddd0003', now(), 'A600c', now(), NULL),
       ('4d5e6f70-3000-4ddd-9eee-dddd4ddd0004', now(), 'C400', now(), NULL),
       ('4d5e6f70-3000-4ddd-9eee-dddd4ddd0005', now(), 'Năng Tĩnh', now(), NULL),
       ('4d5e6f70-3000-4ddd-9eee-dddd4ddd0006', now(), 'Cửa Bắc', now(), NULL),
       ('4d5e6f70-3000-4ddd-9eee-dddd4ddd0007', now(), 'Bà Triệu', now(), NULL),
       ('4d5e6f70-3000-4ddd-9eee-dddd4ddd0008', now(), 'Lộc Vượng', now(), NULL),
       ('4d5e6f70-3000-4ddd-9eee-dddd4ddd0009', now(), 'Hạ Long', now(), NULL),
       ('4d5e6f70-3000-4ddd-9eee-dddd4ddd0010', now(), 'Mỹ Tân', now(), NULL),
       ('4d5e6f70-3000-4ddd-9eee-dddd4ddd0011', now(), 'Cấp nước Nam Định', now(), NULL),
       ('4d5e6f70-3000-4ddd-9eee-dddd4ddd0012', now(), 'Lộc Hạ', now(), NULL),
       ('4d5e6f70-3000-4ddd-9eee-dddd4ddd0013', now(), 'Lộc Hòa', now(), NULL),
       ('4d5e6f70-3000-4ddd-9eee-dddd4ddd0014', now(), 'Mỹ Xá', now(), NULL),
       ('4d5e6f70-3000-4ddd-9eee-dddd4ddd0015', now(), 'Thống Nhất', now(), NULL),
       ('4d5e6f70-3000-4ddd-9eee-dddd4ddd0016', now(), 'Trần Tế Xương', now(), NULL),
       ('4d5e6f70-3000-4ddd-9eee-dddd4ddd0017', now(), 'DHT Trực Ninh', now(), NULL),
       ('4d5e6f70-3000-4ddd-9eee-dddd4ddd0018', now(), 'CQ Trực Ninh 1', now(), NULL),
       ('4d5e6f70-3000-4ddd-9eee-dddd4ddd0019', now(), 'Cụm CN', now(), NULL),
       ('4d5e6f70-3000-4ddd-9eee-dddd4ddd0020', now(), 'Xã Ninh Giang', now(), NULL),
       ('4d5e6f70-3000-4ddd-9eee-dddd4ddd0021', now(), 'Xã Cổ Lễ', now(), NULL);

INSERT INTO roadmap (roadmap_id, created_at, name, updated_at, lateral_id, water_supply_network_id)
VALUES ('5e6f7081-4000-4eee-9fff-eeee4eee0001', now(), '108-111-112e', now(), '4d5e6f70-3000-4ddd-9eee-dddd4ddd0002',
        '550e8400-e29b-41d4-a716-446655440001'),
       ('5e6f7081-4000-4eee-9fff-eeee4eee0002', now(), '108-111-112f', now(), '4d5e6f70-3000-4ddd-9eee-dddd4ddd0002',
        '550e8400-e29b-41d4-a716-446655440001'),
       ('5e6f7081-4000-4eee-9fff-eeee4eee0003', now(), '108-111-112g', now(), '4d5e6f70-3000-4ddd-9eee-dddd4ddd0002',
        '550e8400-e29b-41d4-a716-446655440001'),
       ('5e6f7081-4000-4eee-9fff-eeee4eee0004', now(), '06Va', now(), '4d5e6f70-3000-4ddd-9eee-dddd4ddd0001',
        '550e8400-e29b-41d4-a716-446655440001'),
       ('5e6f7081-4000-4eee-9fff-eeee4eee0005', now(), '06Vb', now(), '4d5e6f70-3000-4ddd-9eee-dddd4ddd0001',
        '550e8400-e29b-41d4-a716-446655440001'),
       ('5e6f7081-4000-4eee-9fff-eeee4eee0006', now(), '29Va', now(), '4d5e6f70-3000-4ddd-9eee-dddd4ddd0003',
        '550e8400-e29b-41d4-a716-446655440001'),
       ('5e6f7081-4000-4eee-9fff-eeee4eee0007', now(), '29Vb', now(), '4d5e6f70-3000-4ddd-9eee-dddd4ddd0003',
        '550e8400-e29b-41d4-a716-446655440001'),
       ('5e6f7081-4000-4eee-9fff-eeee4eee0008', now(), '29Vc', now(), '4d5e6f70-3000-4ddd-9eee-dddd4ddd0003',
        '550e8400-e29b-41d4-a716-446655440001'),
       ('5e6f7081-4000-4eee-9fff-eeee4eee0009', now(), '31Va', now(), '4d5e6f70-3000-4ddd-9eee-dddd4ddd0003',
        '550e8400-e29b-41d4-a716-446655440001'),
       ('5e6f7081-4000-4eee-9fff-eeee4eee0010', now(), '31Vb', now(), '4d5e6f70-3000-4ddd-9eee-dddd4ddd0003',
        '550e8400-e29b-41d4-a716-446655440001'),
       ('5e6f7081-4000-4eee-9fff-eeee4eee0011', now(), '31Vc', now(), '4d5e6f70-3000-4ddd-9eee-dddd4ddd0003',
        '550e8400-e29b-41d4-a716-446655440001'),
       ('5e6f7081-4000-4eee-9fff-eeee4eee0012', now(), '08Va', now(), '4d5e6f70-3000-4ddd-9eee-dddd4ddd0001',
        '550e8400-e29b-41d4-a716-446655440001'),
       ('5e6f7081-4000-4eee-9fff-eeee4eee0013', now(), '08Vb', now(), '4d5e6f70-3000-4ddd-9eee-dddd4ddd0001',
        '550e8400-e29b-41d4-a716-446655440001'),
       ('5e6f7081-4000-4eee-9fff-eeee4eee0014', now(), '134a', now(), '4d5e6f70-3000-4ddd-9eee-dddd4ddd0002',
        '550e8400-e29b-41d4-a716-446655440001'),
       ('5e6f7081-4000-4eee-9fff-eeee4eee0015', now(), '134b', now(), '4d5e6f70-3000-4ddd-9eee-dddd4ddd0002',
        '550e8400-e29b-41d4-a716-446655440001'),
       ('5e6f7081-4000-4eee-9fff-eeee4eee0016', now(), '179a', now(), '4d5e6f70-3000-4ddd-9eee-dddd4ddd0002',
        '550e8400-e29b-41d4-a716-446655440001'),
       ('5e6f7081-4000-4eee-9fff-eeee4eee0017', now(), '179b', now(), '4d5e6f70-3000-4ddd-9eee-dddd4ddd0002',
        '550e8400-e29b-41d4-a716-446655440001'),
       ('5e6f7081-4000-4eee-9fff-eeee4eee0018', now(), '188a', now(), '4d5e6f70-3000-4ddd-9eee-dddd4ddd0003',
        '550e8400-e29b-41d4-a716-446655440001'),
       ('5e6f7081-4000-4eee-9fff-eeee4eee0019', now(), '188b', now(), '4d5e6f70-3000-4ddd-9eee-dddd4ddd0003',
        '550e8400-e29b-41d4-a716-446655440001'),
       ('5e6f7081-4000-4eee-9fff-eeee4eee0020', now(), '197-198', now(), '4d5e6f70-3000-4ddd-9eee-dddd4ddd0002',
        '550e8400-e29b-41d4-a716-446655440001'),
       ('5e6f7081-4000-4eee-9fff-eeeeeeee0021', now(), '172a', now(), '4d5e6f70-3000-4ddd-9eee-dddd4ddd0001',
        '550e8400-e29b-41d4-a716-446655440001'),
       ('RM_001', now(), 'Lộ trình Test 001', now(), '4d5e6f70-3000-4ddd-9eee-dddd4ddd0001',
        '550e8400-e29b-41d4-a716-446655440001');

INSERT INTO settlement (settlement_id, address, connection_fee, created_at,
                        job_content, note, registration_at, updated_at)
VALUES ('6f708192-5000-4aaa-9bbb-ffffffff0001', 'Address 1', 1500000, now(), 'Job 1', 'Note 1', current_date,
        now()),
       ('6f708192-5000-4aaa-9bbb-ffffffff0002', 'Address 2', 1600000, now(), 'Job 2', 'Note 2', current_date,
        now()),
       ('6f708192-5000-4aaa-9bbb-ffffffff0003', 'Address 3', 1700000, now(), 'Job 3', 'Note 3', current_date,
        now()),
       ('6f708192-5000-4aaa-9bbb-ffffffff0004', 'Address 4', 1800000, now(), 'Job 4', 'Note 4', current_date,
        now()),
       ('6f708192-5000-4aaa-9bbb-ffffffff0005', 'Address 5', 1900000, now(), 'Job 5', 'Note 5', current_date,
        now()),
       ('6f708192-5000-4aaa-9bbb-ffffffff0006', 'Address 6', 2000000, now(), 'Job 6', 'Note 6', current_date,
        now()),
       ('6f708192-5000-4aaa-9bbb-ffffffff0007', 'Address 7', 2100000, now(), 'Job 7', 'Note 7', current_date,
        now()),
       ('6f708192-5000-4aaa-9bbb-ffffffff0008', 'Address 8', 2200000, now(), 'Job 8', 'Note 8', current_date,
        now()),
       ('6f708192-5000-4aaa-9bbb-ffffffff0009', 'Address 9', 2300000, now(), 'Job 9', 'Note 9', current_date,
        now()),
       ('6f708192-5000-4aaa-9bbb-ffffffff0010', 'Address 10', 2400000, now(), 'Job 10', 'Note 10', current_date,
        now()),
       ('6f708192-5000-4aaa-9bbb-ffffffff0011', 'Address 11', 2500000, now(), 'Job 11', 'Note 11', current_date,
        now()),
       ('6f708192-5000-4aaa-9bbb-ffffffff0012', 'Address 12', 2600000, now(), 'Job 12', 'Note 12', current_date,
        now()),
       ('6f708192-5000-4aaa-9bbb-ffffffff0013', 'Address 13', 2700000, now(), 'Job 13', 'Note 13', current_date,
        now()),
       ('6f708192-5000-4aaa-9bbb-ffffffff0014', 'Address 14', 2800000, now(), 'Job 14', 'Note 14', current_date,
        now()),
       ('6f708192-5000-4aaa-9bbb-ffffffff0015', 'Address 15', 2900000, now(), 'Job 15', 'Note 15', current_date,
        now());

INSERT INTO construction_request (id, contract_id, created_at, updated_at,
                                  installation_form_form_code, installation_form_form_number)
VALUES ('7a8192a3-7000-4aaa-9bbb-cccccccc0001', 'DGA0001', now(), now(),
        80000001001, 20240001),
       ('7a8192a3-7000-4aaa-9bbb-cccccccc0002', 'NDI0002', now(), now(),
        80000001002, 20240002),
       ('7a8192a3-7000-4aaa-9bbb-cccccccc0003', 'TTRU0003', now(), now(),
        80000001003, 20240003),
       ('7a8192a3-7000-4aaa-9bbb-cccccccc0004', 'TRT0004', now(), now(),
        80000001004, 20240004),
       ('7a8192a3-7000-4aaa-9bbb-cccccccc0005', 'HQU0005', now(), now(),
        80000001005, 20240005),
       ('7a8192a3-7000-4aaa-9bbb-cccccccc0006', 'VKH0006', now(), now(),
        80000001006, 20240006),
       ('7a8192a3-7000-4aaa-9bbb-cccccccc0007', 'MLO0007', now(), now(),
        80000001007, 20240007),
       ('7a8192a3-7000-4aaa-9bbb-cccccccc0008', 'DGA0008', now(), now(),
        80000001008, 20240008),
       ('7a8192a3-7000-4aaa-9bbb-cccccccc0009', 'NDI0009', now(), now(),
        80000001009, 20240009),
       ('7a8192a3-7000-4aaa-9bbb-cccccccc0010', 'TTRU0010', now(), now(),
        80000001010, 20240010),
       ('7a8192a3-7000-4aaa-9bbb-cccccccc0011', 'TRT0011', now(), now(),
        80000001011, 20240011),
       ('7a8192a3-7000-4aaa-9bbb-cccccccc0012', 'HQU0012', now(), now(),
        80000001012, 20240012),
       ('7a8192a3-7000-4aaa-9bbb-cccccccc0013', 'VKH0013', now(), now(),
        80000001013, 20240013),
       ('7a8192a3-7000-4aaa-9bbb-cccccccc0014', 'MLO0014', now(), now(),
        80000001014, 20240014),
       ('7a8192a3-7000-4aaa-9bbb-cccccccc0015', 'DGA0015', now(), now(),
        80000001015, 20240015);

INSERT INTO cost_estimate (estimation_id, address, construction_machinery_coefficient,
                           contract_fee, create_by, created_at, customer_name,
                           design_coefficient, design_fee, design_image_url,
                           general_cost_coefficient, installation_fee,
                           labor_coefficient, note, overall_water_meter_id,
                           precalculated_tax_coefficient, registration_at,
                           survey_effort, survey_fee, updated_at, vat_coefficient, water_meter_serial,
                           installation_form_form_code, installation_form_form_number, significance)
VALUES ('7a8192a3-6000-4bbb-9ccc-gggggggg0001', 'Address 1', 1, 1000000, 'admin', now(), 'Customer 1', 1, 200000,
        'img1', 1, 300000, 1, 'Note 1', 'WM1', 1, current_date, 1, 150000, now(), 1, 'SER1',
        80000001001, 20240001, '{
    "surveyStaff": "hehe",
    "companyLeaderShip": "kaka",
    "planningTechnicalHead": "huhu"
  }'),
       ('7a8192a3-6000-4bbb-9ccc-gggggggg0002', 'Address 2', 1, 1000000, 'admin', now(), 'Customer 2', 1, 200000,
        'img2', 1, 300000, 1, 'Note 2', 'WM2', 1, current_date, 1, 150000, now(), 1, 'SER2',
        80000001002, 20240002, '{
         "surveyStaff": "hehe",
         "companyLeaderShip": "kaka",
         "planningTechnicalHead": "huhu"
       }'),
       ('7a8192a3-6000-4bbb-9ccc-gggggggg0003', 'Address 3', 1, 1000000, 'admin', now(), 'Customer 3', 1, 200000,
        'img3', 1, 300000, 1, 'Note 3', 'WM3', 1, current_date, 1, 150000, now(), 1, 'SER3',
        80000001003, 20240003, '{
         "surveyStaff": "hehe",
         "companyLeaderShip": "kaka",
         "planningTechnicalHead": "huhu"
       }'),
       ('7a8192a3-6000-4bbb-9ccc-gggggggg0004', 'Address 4', 1, 1000000, 'admin', now(), 'Customer 4', 1, 200000,
        'img4', 1, 300000, 1, 'Note 4', 'WM4', 1, current_date, 1, 150000, now(),
        1, 'SER4', 80000001004, 20240004, '{
         "surveyStaff": "hehe",
         "companyLeaderShip": "kaka",
         "planningTechnicalHead": "huhu"
       }'),
       ('7a8192a3-6000-4bbb-9ccc-gggg4ggg0005', 'Address 5', 1, 1000000, 'admin', now(), 'Customer 5', 1, 200000,
        'img5', 1, 300000, 1, 'Note 5', 'WM5', 1, current_date, 1, 150000, now(), 1, 'SER5',
        80000001005, 20240005, '{
         "surveyStaff": "hehe",
         "companyLeaderShip": "kaka",
         "planningTechnicalHead": "huhu"
       }');
