DELETE
FROM parameters;
DELETE
FROM materials_of_cost_estimate;
DELETE
FROM materials_of_settlement;
DELETE
FROM material;
DELETE
FROM materials_group;
DELETE
FROM unit;
DELETE
FROM overall_water_meter;
DELETE
FROM water_price_price_types;
DELETE
FROM price_type;
DELETE
FROM usage_history;
DELETE
FROM water_meter;
DELETE
FROM water_meter_type;
DELETE
FROM water_price;

INSERT INTO public.parameters (param_id, created_at, creator, name, updated_at, updator, value)
VALUES ('00000000-0000-0000-0000-100000000001', NOW(), '6e9f757b-6fa1-4aa6-b7cb-a4cf2290eb20', 'Param 1', NOW(),
        '6e9f757b-6fa1-4aa6-b7cb-a4cf2290eb20', 101),
       ('00000000-0000-0000-0000-100000000002', NOW(), '14c5879c-a6c4-45a6-846b-39d2b9d8c961', 'Param 2', NOW(),
        '14c5879c-a6c4-45a6-846b-39d2b9d8c961', 102),
       ('00000000-0000-0000-0000-100000000003', NOW(), 'c8357517-3149-41b4-9b2c-881d5a40840a', 'Param 3', NOW(),
        'c8357517-3149-41b4-9b2c-881d5a40840a', 103),
       ('00000000-0000-0000-0000-100000000004', NOW(), 'bd5bc9bb-303d-425f-9f2e-90f83ef75ee8', 'Param 4', NOW(),
        'bd5bc9bb-303d-425f-9f2e-90f83ef75ee8', 104),
       ('00000000-0000-0000-0000-100000000005', NOW(), '1cef2ae0-3151-405c-b717-61be20679d79', 'Param 5', NOW(),
        '1cef2ae0-3151-405c-b717-61be20679d79', 105),
       ('00000000-0000-0000-0000-100000000006', NOW(), '71bc19b9-4a86-4ff9-aa26-3fc037569cfd', 'Param 6', NOW(),
        '71bc19b9-4a86-4ff9-aa26-3fc037569cfd', 106),
       ('00000000-0000-0000-0000-100000000007', NOW(), 'eae87df0-7f02-47b9-baa2-ac2bc9ea61fb', 'Param 7', NOW(),
        'eae87df0-7f02-47b9-baa2-ac2bc9ea61fb', 107),
       ('00000000-0000-0000-0000-100000000008', NOW(), 'd4039a01-4408-4fad-8676-05ef81532eb5', 'Param 8', NOW(),
        'd4039a01-4408-4fad-8676-05ef81532eb5', 108),
       ('00000000-0000-0000-0000-100000000009', NOW(), 'e6876430-7145-4e43-aac3-dd53ca4f068a', 'Param 9', NOW(),
        'e6876430-7145-4e43-aac3-dd53ca4f068a', 109),
       ('00000000-0000-0000-0000-100000000010', NOW(), '67d04cc3-b4b8-44b9-ba41-91a1e477617a', 'Param 10', NOW(),
        '67d04cc3-b4b8-44b9-ba41-91a1e477617a', 110),
       ('00000000-0000-0000-0000-100000000011', NOW(), '6e9f757b-6fa1-4aa6-b7cb-a4cf2290eb20', 'Param 11', NOW(),
        '6e9f757b-6fa1-4aa6-b7cb-a4cf2290eb20', 111),
       ('00000000-0000-0000-0000-100000000012', NOW(), '14c5879c-a6c4-45a6-846b-39d2b9d8c961', 'Param 12', NOW(),
        '14c5879c-a6c4-45a6-846b-39d2b9d8c961', 112),
       ('00000000-0000-0000-0000-100000000013', NOW(), 'c8357517-3149-41b4-9b2c-881d5a40840a', 'Param 13', NOW(),
        'c8357517-3149-41b4-9b2c-881d5a40840a', 113),
       ('00000000-0000-0000-0000-100000000014', NOW(), 'bd5bc9bb-303d-425f-9f2e-90f83ef75ee8', 'Param 14', NOW(),
        'bd5bc9bb-303d-425f-9f2e-90f83ef75ee8', 114),
       ('00000000-0000-0000-0000-100000000015', NOW(), '1cef2ae0-3151-405c-b717-61be20679d79', 'Param 15', NOW(),
        '1cef2ae0-3151-405c-b717-61be20679d79', 115);

INSERT INTO public.materials_group (group_id, created_at, name, updated_at)
VALUES ('00000000-0000-0000-0000-200000000001', NOW(), 'Bu', NOW()),
       ('00000000-0000-0000-0000-200000000002', NOW(), 'Côn', NOW()),
       ('00000000-0000-0000-0000-200000000003', NOW(), 'Công', NOW()),
       ('00000000-0000-0000-0000-200000000004', NOW(), 'Cút', NOW()),
       ('00000000-0000-0000-0000-200000000005', NOW(), 'Đầu bịt', NOW()),
       ('00000000-0000-0000-0000-200000000006', NOW(), 'Đầu gai', NOW()),
       ('00000000-0000-0000-0000-200000000007', NOW(), 'Đồng hồ', NOW()),
       ('00000000-0000-0000-0000-200000000008', NOW(), 'Đai khởi thủy', NOW()),
       ('00000000-0000-0000-0000-200000000009', NOW(), 'Hộp đồng hồ', NOW()),
       ('00000000-0000-0000-0000-200000000010', NOW(), 'Không là vật tư', NOW()),
       ('00000000-0000-0000-0000-200000000011', NOW(), 'Ống', NOW()),
       ('00000000-0000-0000-0000-200000000012', NOW(), 'Măng sông', NOW()),
       ('00000000-0000-0000-0000-200000000013', NOW(), 'Van', NOW()),
       ('00000000-0000-0000-0000-200000000014', NOW(), 'Kép', NOW()),
       ('00000000-0000-0000-0000-200000000020', NOW(), 'Vòi', NOW()),
       ('00000000-0000-0000-0000-200000000021', NOW(), 'Tê', NOW()),
       ('00000000-0000-0000-0000-200000000022', NOW(), 'Rắc co', NOW());

INSERT INTO public.unit (unit_id, created_at, name, updated_at)
VALUES ('00000000-0000-0000-0000-300000000001', NOW(), 'Bình', NOW()),
       ('00000000-0000-0000-0000-300000000002', NOW(), 'Bộ', NOW()),
       ('00000000-0000-0000-0000-300000000003', NOW(), 'Ca', NOW()),
       ('00000000-0000-0000-0000-300000000004', NOW(), 'Cái', NOW()),
       ('00000000-0000-0000-0000-300000000005', NOW(), 'Con', NOW()),
       ('00000000-0000-0000-0000-300000000006', NOW(), 'Công', NOW()),
       ('00000000-0000-0000-0000-300000000007', NOW(), 'Cuộn', NOW()),
       ('00000000-0000-0000-0000-300000000008', NOW(), 'Điểm', NOW()),
       ('00000000-0000-0000-0000-300000000009', NOW(), 'Đoạn', NOW()),
       ('00000000-0000-0000-0000-300000000010', NOW(), 'Đồng', NOW()),
       ('00000000-0000-0000-0000-300000000011', NOW(), 'Hố', NOW()),
       ('00000000-0000-0000-0000-300000000012', NOW(), 'Hộ', NOW()),
       ('00000000-0000-0000-0000-300000000013', NOW(), 'KG', NOW()),
       ('00000000-0000-0000-0000-300000000014', NOW(), 'Lít', NOW()),
       ('00000000-0000-0000-0000-300000000015', NOW(), 'Lon', NOW()),
       ('00000000-0000-0000-0000-300000000016', NOW(), 'Lưỡi', NOW()),
       ('00000000-0000-0000-0000-300000000017', NOW(), 'M2', NOW()),
       ('00000000-0000-0000-0000-300000000018', NOW(), 'M3', NOW()),
       ('00000000-0000-0000-0000-300000000019', NOW(), 'Mét', NOW()),
       ('00000000-0000-0000-0000-300000000020', NOW(), 'Mối', NOW()),
       ('00000000-0000-0000-0000-300000000021', NOW(), 'Ống', NOW()),
       ('00000000-0000-0000-0000-300000000022', NOW(), 'Quyển', NOW()),
       ('00000000-0000-0000-0000-300000000023', NOW(), 'Tấm', NOW()),
       ('00000000-0000-0000-0000-300000000024', NOW(), 'Tuýp', NOW()),
       ('00000000-0000-0000-0000-300000000025', NOW(), 'Viên', NOW()),
       ('00000000-0000-0000-0000-300000000026', NOW(), 'Đợt', NOW());

INSERT INTO public.overall_water_meter (serial, lateral_id, name)
VALUES ('00000000-0000-0000-0000-400000000001', '4d5e6f70-3000-4ddd-9eee-dddddddd0002', '195'),
       ('00000000-0000-0000-0000-400000000002', '4d5e6f70-3000-4ddd-9eee-dddddddd0002', '195 (CQ)'),
       ('00000000-0000-0000-0000-400000000003', '4d5e6f70-3000-4ddd-9eee-dddddddd0001', '14'),
       ('00000000-0000-0000-0000-400000000004', '4d5e6f70-3000-4ddd-9eee-dddddddd0001', '14CQ'),
       ('00000000-0000-0000-0000-400000000005', '4d5e6f70-3000-4ddd-9eee-dddddddd0001', '13'),
       ('00000000-0000-0000-0000-400000000006', '4d5e6f70-3000-4ddd-9eee-dddddddd0001', '07V'),
       ('00000000-0000-0000-0000-400000000007', '4d5e6f70-3000-4ddd-9eee-dddddddd0001', '08V'),
       ('00000000-0000-0000-0000-400000000008', '4d5e6f70-3000-4ddd-9eee-dddddddd0001', '10V'),
       ('00000000-0000-0000-0000-400000000009', '4d5e6f70-3000-4ddd-9eee-dddddddd0001', '06V'),
       ('00000000-0000-0000-0000-400000000010', '4d5e6f70-3000-4ddd-9eee-dddddddd0001', '172');

INSERT INTO public.price_type (price_type_id, area, price)
VALUES ('00000000-0000-0000-0000-500000000001', '1', '{
  "price": 8000,
  "step": 1
}'),
       ('00000000-0000-0000-0000-500000000002', '1', '{
         "price": 9600,
         "step": 2
       }'),
       ('00000000-0000-0000-0000-500000000003', '1', '{
         "price": 11200,
         "step": 3
       }'),
       ('00000000-0000-0000-0000-500000000004', '1', '{
         "price": 11800
       }'),
       ('00000000-0000-0000-0000-500000000005', '1', '{
         "price": 12500
       }'),
       ('00000000-0000-0000-0000-500000000006', '1', '{
         "price": 20000
       }'),
       ('00000000-0000-0000-0000-500000000007', '2', '{
         "price": 7700,
         "step": 1
       }'),
       ('00000000-0000-0000-0000-500000000008', '2', '{
         "price": 9600
       }'),
       ('00000000-0000-0000-0000-500000000009', '2', '{
         "price": 12000
       }'),
       ('00000000-0000-0000-0000-500000000010', '2', '{
         "price": 20000
       }');

INSERT INTO public.material (material_id, labor_code, construction_machinery_price,
                             construction_machinery_price_at_rural_commune, created_at, job_content, labor_price,
                             labor_price_at_rural_commune, price, updated_at, supplies_group_id, calculation_unit_id)
VALUES ('00000000-0000-0000-0000-600000000001', 'DKT225', 0.00, 0.00, NOW(), 'Đai khởi thủy HDPE OD225x1/2"', 0.00,
        0.00, 490000.00, NOW(), '00000000-0000-0000-0000-200000000008', '00000000-0000-0000-0000-300000000004'),
       ('00000000-0000-0000-0000-600000000002', 'TT', 0.00, 0.00, NOW(), 'Băng cao su (2350)', 0.00, 0.00, 2350.00,
        NOW(), '00000000-0000-0000-0000-200000000010', '00000000-0000-0000-0000-300000000007'),
       ('00000000-0000-0000-0000-600000000003', 'tt', 0.00, 0.00, NOW(), 'Băng cao su (3000)', 0.00, 0.00, 3000.00,
        NOW(), '00000000-0000-0000-0000-200000000010', '00000000-0000-0000-0000-300000000007'),
       ('00000000-0000-0000-0000-600000000004', 'TT', 0.00, 0.00, NOW(), 'Bulong mạ kẽm', 0.00, 0.00, 18000.00, NOW(),
        '00000000-0000-0000-0000-200000000001', '00000000-0000-0000-0000-300000000004'),
       ('00000000-0000-0000-0000-600000000005', 'BB.83104', 0.00, 0.00, NOW(), 'Bu bích nhựa HDPE OD90', 0.00, 0.00,
        983248.00, NOW(), '00000000-0000-0000-0000-200000000001', '00000000-0000-0000-0000-300000000004'),
       ('00000000-0000-0000-0000-600000000006', 'BB.83102', 0.00, 0.00, NOW(), 'Bu bích nhựa HDPE OD63x2', 42660.00,
        38394.00, 693000.00, NOW(), '00000000-0000-0000-0000-200000000001', '00000000-0000-0000-0000-300000000004'),
       ('00000000-0000-0000-0000-600000000007', 'BB.83102', 0.00, 0.00, NOW(), 'Bu bích nhựa HDPE OD63x2"', 42660.00,
        38394.00, 693000.00, NOW(), '00000000-0000-0000-0000-200000000001', '00000000-0000-0000-0000-300000000004'),
       ('00000000-0000-0000-0000-600000000008', 'AB.13412', 0.00, 0.00, NOW(), 'Cát đen lấp ống', 0.00, 0.00, 90000.00,
        NOW(), '00000000-0000-0000-0000-200000000010', '00000000-0000-0000-0000-300000000018'),
       ('00000000-0000-0000-0000-600000000009', 'BB.73302', 0.00, 0.00, NOW(), 'Côn Inox DN20x15', 29920.00, 26928.00,
        22600.00, NOW(), '00000000-0000-0000-0000-200000000002', '00000000-0000-0000-0000-300000000004'),
       ('00000000-0000-0000-0000-600000000010', 'BB.73102', 0.00, 0.00, NOW(), 'Côn thép DN20x15', 27336.00, 24602.40,
        6200.00, NOW(), '00000000-0000-0000-0000-200000000002', '00000000-0000-0000-0000-300000000004'),
       ('00000000-0000-0000-0000-600000000011', 'LC-11', 0.00, 0.00, NOW(), 'Ống nhựa HDPE - PE80-OD20 PN12,5', 0.00,
        0.00, 0.00, NOW(), '00000000-0000-0000-0000-200000000011', '00000000-0000-0000-0000-300000000019'),
       ('00000000-0000-0000-0000-600000000012', 'LC-12', 0.00, 0.00, NOW(), 'Măng sông 1 đầu ren trong HDPE OD20x1/2',
        0.00, 0.00, 0.00, NOW(), '00000000-0000-0000-0000-200000000012', '00000000-0000-0000-0000-300000000004'),
       ('00000000-0000-0000-0000-600000000013', 'LC-13', 0.00, 0.00, NOW(), 'Ống thép tráng kẽm DN15', 0.00, 0.00, 0.00,
        NOW(), '00000000-0000-0000-0000-200000000011', '00000000-0000-0000-0000-300000000019'),
       ('00000000-0000-0000-0000-600000000014', 'LC-14', 0.00, 0.00, NOW(),
        'Đồng hồ đo nước MultimagS DN15 cấp C (đã bao gồm phí kiểm định ĐH)', 0.00, 0.00, 0.00, NOW(),
        '00000000-0000-0000-0000-200000000007', '00000000-0000-0000-0000-300000000004'),
       ('00000000-0000-0000-0000-600000000015', 'LC-15', 0.00, 0.00, NOW(),
        'Van góc đồng có van 1 chiều hiệu MIHA DN15', 0.00, 0.00, 0.00, NOW(), '00000000-0000-0000-0000-200000000013',
        '00000000-0000-0000-0000-300000000004'),
       ('00000000-0000-0000-0000-600000000016', 'LC-16', 0.00, 0.00, NOW(),
        'Van góc đồng không có van 1 chiều hiệu MIHA DN15', 0.00, 0.00, 0.00, NOW(),
        '00000000-0000-0000-0000-200000000013', '00000000-0000-0000-0000-300000000004'),
       ('00000000-0000-0000-0000-600000000017', 'LC-17', 0.00, 0.00, NOW(), 'Hộp nhựa bảo vệ đồng hồ KT: 350x150x170',
        0.00, 0.00, 0.00, NOW(), '00000000-0000-0000-0000-200000000009', '00000000-0000-0000-0000-300000000004'),
       ('00000000-0000-0000-0000-600000000018', 'LC-18', 0.00, 0.00, NOW(), 'Cút Côn Inox 90 độ DN20x15', 0.00, 0.00,
        0.00, NOW(), '00000000-0000-0000-0000-200000000004', '00000000-0000-0000-0000-300000000004'),
       ('00000000-0000-0000-0000-600000000019', 'LC-19', 0.00, 0.00, NOW(), 'Kép inox DN15', 0.00, 0.00, 0.00, NOW(),
        '00000000-0000-0000-0000-200000000014', '00000000-0000-0000-0000-300000000004'),
       ('00000000-0000-0000-0000-600000000020', 'LC-20', 0.00, 0.00, NOW(), 'Cút Inox 90 độ DN15', 0.00, 0.00, 0.00,
        NOW(), '00000000-0000-0000-0000-200000000004', '00000000-0000-0000-0000-300000000004'),
       ('00000000-0000-0000-0000-600000000021', 'LC-21', 0.00, 0.00, NOW(), 'Vòi hợp kim DN15', 0.00, 0.00, 0.00, NOW(),
        '00000000-0000-0000-0000-200000000020', '00000000-0000-0000-0000-300000000004'),
       ('00000000-0000-0000-0000-600000000022', 'LC-22', 0.00, 0.00, NOW(), 'Kép tiện inox 304 DN15 (L = 10cm)', 0.00,
        0.00, 0.00, NOW(), '00000000-0000-0000-0000-200000000014', '00000000-0000-0000-0000-300000000009'),
       ('00000000-0000-0000-0000-600000000023', 'LC-23', 0.00, 0.00, NOW(), 'Nhân công lấp cát đen', 0.00, 0.00, 0.00,
        NOW(), '00000000-0000-0000-0000-200000000003', '00000000-0000-0000-0000-300000000018'),
       ('00000000-0000-0000-0000-600000000024', 'LC-24', 0.00, 0.00, NOW(), 'Nhân công vận chuyển vật tư', 0.00, 0.00,
        0.00, NOW(), '00000000-0000-0000-0000-200000000003', '00000000-0000-0000-0000-300000000026'),
       ('00000000-0000-0000-0000-600000000025', 'LC-25', 0.00, 0.00, NOW(), 'Nước thất thoát', 0.00, 0.00, 0.00, NOW(),
        '00000000-0000-0000-0000-200000000010', '00000000-0000-0000-0000-300000000018'),
       ('00000000-0000-0000-0000-600000000026', 'LC-26', 0.00, 0.00, NOW(),
        'Nhân công nghiệm thu, kẹp chì, bàn giao đưa vào quản lý, sử dụng', 0.00, 0.00, 0.00, NOW(),
        '00000000-0000-0000-0000-200000000003', '00000000-0000-0000-0000-300000000006'),
       ('00000000-0000-0000-0000-600000000027', 'LC-27', 0.00, 0.00, NOW(), 'Đại khởi thủy HDPE OD40x1/2"', 0.00, 0.00,
        0.00, NOW(), '00000000-0000-0000-0000-200000000008', '00000000-0000-0000-0000-300000000004'),
       ('00000000-0000-0000-0000-600000000028', 'LC-28', 0.00, 0.00, NOW(), 'Nhân công đào đất cấp 3', 0.00, 0.00, 0.00,
        NOW(), '00000000-0000-0000-0000-200000000003', '00000000-0000-0000-0000-300000000018'),
       ('00000000-0000-0000-0000-600000000029', 'LC-29', 0.00, 0.00, NOW(), 'Ống nhựa HDPE - PE80-OD25 PN10', 0.00,
        0.00, 0.00, NOW(), '00000000-0000-0000-0000-200000000011', '00000000-0000-0000-0000-300000000019'),
       ('00000000-0000-0000-0000-600000000030', 'LC-30', 0.00, 0.00, NOW(), 'Tê Nhựa 25 x 25 Malaysia', 0.00, 0.00,
        0.00, NOW(), '00000000-0000-0000-0000-200000000021', '00000000-0000-0000-0000-300000000004'),
       ('00000000-0000-0000-0000-600000000031', 'LC-31', 0.00, 0.00, NOW(), 'Măng sông nhựa HDPE OD 20x20 Malaysia',
        0.00, 0.00, 0.00, NOW(), '00000000-0000-0000-0000-200000000012', '00000000-0000-0000-0000-300000000004'),
       ('00000000-0000-0000-0000-600000000032', 'LC-32', 0.00, 0.00, NOW(), 'Măng sông', 0.00, 0.00, 0.00, NOW(),
        '00000000-0000-0000-0000-200000000012', '00000000-0000-0000-0000-300000000004'),
       ('00000000-0000-0000-0000-600000000033', 'LC-33', 0.00, 0.00, NOW(), 'Van 2 chiều hiệu MIHA DN15', 0.00, 0.00,
        0.00, NOW(), '00000000-0000-0000-0000-200000000013', '00000000-0000-0000-0000-300000000004'),
       ('00000000-0000-0000-0000-600000000034', 'LC-34', 0.00, 0.00, NOW(), 'Van 1 chiều hiệu MIHA DN15', 0.00, 0.00,
        0.00, NOW(), '00000000-0000-0000-0000-200000000013', '00000000-0000-0000-0000-300000000004'),
       ('00000000-0000-0000-0000-600000000035', 'LC-35', 0.00, 0.00, NOW(), 'Hộp nhựa bảo vệ đồng hồ KT: 400x200x200',
        0.00, 0.00, 0.00, NOW(), '00000000-0000-0000-0000-200000000009', '00000000-0000-0000-0000-300000000004'),
       ('00000000-0000-0000-0000-600000000036', 'LC-36', 0.00, 0.00, NOW(), 'Cút Inox 90 độ DN15 - 1 đầu ren ngoài',
        0.00, 0.00, 0.00, NOW(), '00000000-0000-0000-0000-200000000004', '00000000-0000-0000-0000-300000000004'),
       ('00000000-0000-0000-0000-600000000037', 'LC-37', 0.00, 0.00, NOW(), 'Măng sông thép DN 15', 0.00, 0.00, 0.00,
        NOW(), '00000000-0000-0000-0000-200000000012', '00000000-0000-0000-0000-300000000004'),
       ('00000000-0000-0000-0000-600000000038', 'LC-38', 0.00, 0.00, NOW(), 'Rắc co đồng hồ DN15', 0.00, 0.00, 0.00,
        NOW(), '00000000-0000-0000-0000-200000000022', '00000000-0000-0000-0000-300000000004'),
       ('00000000-0000-0000-0000-600000000039', 'LC-39', 0.00, 0.00, NOW(), 'Hợp đồng lắp đặt đồng hồ', 0.00, 0.00,
        0.00, NOW(), '00000000-0000-0000-0000-200000000010', '00000000-0000-0000-0000-300000000004');

INSERT INTO public.materials_of_cost_estimate (cost_est_id, material_material_id, note, mass,
                                               reduction_coefficient, total_labor_cost, total_material_cost)
VALUES
--  est 1
('7a8192a3-6000-4bbb-9ccc-gggggggg0001', '00000000-0000-0000-0000-600000000001', 'Note 1', 1.0, 0,
 '100', '200'),
('7a8192a3-6000-4bbb-9ccc-gggggggg0001', '00000000-0000-0000-0000-600000000002', 'Note 1', 1.0, 0,
 '100', '200'),
('7a8192a3-6000-4bbb-9ccc-gggggggg0001', '00000000-0000-0000-0000-600000000003', 'Note 1', 1.0, 0,
 '100', '200'),
('7a8192a3-6000-4bbb-9ccc-gggggggg0001', '00000000-0000-0000-0000-600000000004', 'Note 1', 1.0, 0,
 '100', '200'),
('7a8192a3-6000-4bbb-9ccc-gggggggg0001', '00000000-0000-0000-0000-600000000005', 'Note 1', 1.0, 0,
 '100', '200'),
('7a8192a3-6000-4bbb-9ccc-gggggggg0001', '00000000-0000-0000-0000-600000000006', 'Note 1', 1.0, 0,
 '100', '200'),
--  est 2
('7a8192a3-6000-4bbb-9ccc-gggggggg0002', '00000000-0000-0000-0000-600000000007', 'Note 2', 2.0, 0,
 '200', '400'),
('7a8192a3-6000-4bbb-9ccc-gggggggg0002', '00000000-0000-0000-0000-600000000008', 'Note 2', 2.0, 0,
 '200', '400'),
('7a8192a3-6000-4bbb-9ccc-gggggggg0002', '00000000-0000-0000-0000-600000000009', 'Note 2', 2.0, 0,
 '200', '400'),
('7a8192a3-6000-4bbb-9ccc-gggggggg0002', '00000000-0000-0000-0000-600000000010', 'Note 2', 2.0, 0,
 '200', '400'),
('7a8192a3-6000-4bbb-9ccc-gggggggg0002', '00000000-0000-0000-0000-600000000011', 'Note 2', 2.0, 0,
 '200', '400'),
('7a8192a3-6000-4bbb-9ccc-gggggggg0002', '00000000-0000-0000-0000-600000000012', 'Note 2', 2.0, 0,
 '200', '400'),
('7a8192a3-6000-4bbb-9ccc-gggggggg0002', '00000000-0000-0000-0000-600000000013', 'Note 2', 2.0, 0,
 '200', '400'),
--  est 3
('7a8192a3-6000-4bbb-9ccc-gggggggg0003', '00000000-0000-0000-0000-600000000003', 'Note 3', 3.0, 0,
 '300', '600'),
--  est 4
('7a8192a3-6000-4bbb-9ccc-gggggggg0004', '00000000-0000-0000-0000-600000000004', 'Note 4', 4.0, 0,
 '400', '800'),
--  est 5
('7a8192a3-6000-4bbb-9ccc-gggggggg0005', '00000000-0000-0000-0000-600000000005', 'Note 5', 5.0, 0,
 '500', '1000');

INSERT INTO public.materials_of_settlement (settlement_id, material_material_id, labor_cost, material_cost, note)
VALUES ('00000000-0000-0000-0000-800000000001', '00000000-0000-0000-0000-600000000001', '110', '210', 'Note Set 1'),
       ('00000000-0000-0000-0000-800000000002', '00000000-0000-0000-0000-600000000002', '110', '210', 'Note Set 2'),
       ('00000000-0000-0000-0000-800000000003', '00000000-0000-0000-0000-600000000003', '110', '210', 'Note Set 3'),
       ('00000000-0000-0000-0000-800000000004', '00000000-0000-0000-0000-600000000004', '110', '210', 'Note Set 4'),
       ('00000000-0000-0000-0000-800000000005', '00000000-0000-0000-0000-600000000005', '110', '210', 'Note Set 5'),
       ('00000000-0000-0000-0000-800000000006', '00000000-0000-0000-0000-600000000006', '110', '210', 'Note Set 6'),
       ('00000000-0000-0000-0000-800000000007', '00000000-0000-0000-0000-600000000007', '110', '210', 'Note Set 7'),
       ('00000000-0000-0000-0000-800000000008', '00000000-0000-0000-0000-600000000008', '110', '210', 'Note Set 8'),
       ('00000000-0000-0000-0000-800000000009', '00000000-0000-0000-0000-600000000009', '110', '210', 'Note Set 9'),
       ('00000000-0000-0000-0000-800000000010', '00000000-0000-0000-0000-600000000010', '110', '210', 'Note Set 10'),
       ('00000000-0000-0000-0000-800000000011', '00000000-0000-0000-0000-600000000011', '110', '210', 'Note Set 11'),
       ('00000000-0000-0000-0000-800000000012', '00000000-0000-0000-0000-600000000012', '110', '210', 'Note Set 12'),
       ('00000000-0000-0000-0000-800000000013', '00000000-0000-0000-0000-600000000013', '110', '210', 'Note Set 13'),
       ('00000000-0000-0000-0000-800000000014', '00000000-0000-0000-0000-600000000014', '110', '210', 'Note Set 14'),
       ('00000000-0000-0000-0000-800000000015', '00000000-0000-0000-0000-600000000015', '110', '210', 'Note Set 15');

INSERT INTO public.water_meter_type (type_id, created_at, diameter, max_index, meter_model, name, origin, qmin, qn, qt,
                                     size, index_length, updated_at)
VALUES ('00000000-0000-0000-0000-900000000001', NOW(), 100.0, '999999', 'WPD-DN100', 'Sensus', 'Sensus', '1.5', '2.5',
        '3.5', 100, 5, NOW()),
       ('00000000-0000-0000-0000-900000000002', NOW(), 50.0, '999999', 'DN50 cấp B', 'Woltek', 'Woltek', '1.5', '2.5',
        '3.5', 50, 5, NOW()),
       ('00000000-0000-0000-0000-900000000003', NOW(), 25.0, '999999', 'DN25 cấp C', 'Flodis', 'Flodis', '1.5', '2.5',
        '3.5', 25, 5, NOW()),
       ('00000000-0000-0000-0000-900000000004', NOW(), 32.0, '999999', 'DN32 cấp C', 'Flodis', 'Flodis', '1.5', '2.5',
        '3.5', 32, 5, NOW()),
       ('00000000-0000-0000-0000-900000000005', NOW(), 50.0, '999999', 'DN50 cấp C', 'Flostar', 'Flostar', '1.5', '2.5',
        '3.5', 50, 5, NOW()),
       ('00000000-0000-0000-0000-900000000006', NOW(), 15.0, '999999', 'Mẫu tiêu chuẩn', 'Woltex', 'Indonesia', '1.5',
        '2.5', '3.5', 15, 5, NOW()),
       ('00000000-0000-0000-0000-900000000007', NOW(), 25.0, '999999', 'Tốc độ-Đa tia',
        'Đồng hồ đo nước Multimag Cyble', 'Itron', '1.5', '2.5', '3.5', 25, 5, NOW()),
       ('00000000-0000-0000-0000-900000000008', NOW(), 15.0, '999999',
        'Đồng hồ CD SD Plus là đồng hồ đơn tia mặt số khô', 'Đồng hồ đo nước Maddalena-Italia DN15 Cấp C', 'Italia',
        '1.5', '2.5', '10.0', 15, 5, NOW()),
       ('00000000-0000-0000-0000-900000000009', NOW(), 15.0, '999999', 'Mẫu tiêu chuẩn', 'Bồ Đào Nha', 'Bồ Đào Nha',
        '1.5', '2.5', '3.5', 15, 5, NOW()),
       ('00000000-0000-0000-0000-900000000010', NOW(), 15.0, '999999', 'Mẫu tiêu chuẩn', 'Kent KSM (bảo dưỡng)',
        'Malaysia', '1.5', '2.5', '3.5', 15, 5, NOW()),
       ('00000000-0000-0000-0000-900000000011', NOW(), 15.0, '999999', 'Sima', 'Multimag S - Cấp C', 'PHÁP', '1.5',
        '2.5', '3.5', 15, 5, NOW()),
       ('00000000-0000-0000-0000-900000000012', NOW(), 32.0, '999999', 'Mẫu tiêu chuẩn', 'Multimag (32)', 'Pháp', '1.5',
        '2.5', '3.5', 32, 5, NOW()),
       ('00000000-0000-0000-0000-900000000013', NOW(), 50.0, '999999', 'Mẫu tiêu chuẩn',
        'Đồng hồ đo nước hãng Itron hiệu Woltex cấp B', 'Pháp', '1.5', '2.5', '3.5', 50, 5, NOW()),
       ('00000000-0000-0000-0000-900000000014', NOW(), 15.0, '999999', 'cơ điện tử', 'Thái Aichi', 'Thái Lan', '1.5',
        '2.5', '3.5', 15, 5, NOW()),
       ('00000000-0000-0000-0000-900000000015', NOW(), 15.0, '999999', 'Mẫu tiêu chuẩn', 'Pháp Multimag', 'Pháp', '1.5',
        '2.5', '3.5', 15, 5, NOW()),
       ('00000000-0000-0000-0000-900000000016', NOW(), 15.0, '999999', 'Mẫu tiêu chuẩn', 'Arad-Israel', 'Israel', '1.5',
        '2.5', '3.5', 15, 5, NOW()),
       ('00000000-0000-0000-0000-900000000017', NOW(), 15.0, '999999', 'Mẫu tiêu chuẩn', 'Klepsan - Cấp C',
        'Thổ Nhĩ Kỳ', '1.5', '2.5', '3.5', 15, 5, NOW()),
       ('00000000-0000-0000-0000-900000000018', NOW(), 15.0, '999999', 'Mẫu tiêu chuẩn', 'Malaysia Ken', 'Malaysia',
        '1.5', '2.5', '3.5', 15, 5, NOW()),
       ('00000000-0000-0000-0000-900000000019', NOW(), 15.0, '999999', 'Mẫu tiêu chuẩn', 'Đồng hồ xuất xứ từ Đức',
        'Đức', '1.5', '2.5', '3.5', 15, 5, NOW()),
       ('00000000-0000-0000-0000-900000000020', NOW(), 15.0, '999999', 'Mẫu tiêu chuẩn', 'Quốc Phòng', 'Quốc Phòng',
        '1.5', '2.5', '3.5', 15, 5, NOW());

INSERT INTO public.water_meter (meter_code, installation_date, size, water_meter_type_id)
VALUES ('00000000-0000-0000-0000-A00000000001', '2023-01-01', 21, '00000000-0000-0000-0000-900000000001'),
       ('00000000-0000-0000-0000-A00000000002', '2023-01-01', 22, '00000000-0000-0000-0000-900000000002'),
       ('00000000-0000-0000-0000-A00000000003', '2023-01-01', 23, '00000000-0000-0000-0000-900000000003'),
       ('00000000-0000-0000-0000-A00000000004', '2023-01-01', 24, '00000000-0000-0000-0000-900000000004'),
       ('00000000-0000-0000-0000-A00000000005', '2023-01-01', 25, '00000000-0000-0000-0000-900000000005'),
       ('00000000-0000-0000-0000-A00000000006', '2023-01-01', 26, '00000000-0000-0000-0000-900000000006'),
       ('00000000-0000-0000-0000-A00000000007', '2023-01-01', 27, '00000000-0000-0000-0000-900000000007'),
       ('00000000-0000-0000-0000-A00000000008', '2023-01-01', 28, '00000000-0000-0000-0000-900000000008'),
       ('00000000-0000-0000-0000-A00000000009', '2023-01-01', 29, '00000000-0000-0000-0000-900000000009'),
       ('00000000-0000-0000-0000-A00000000010', '2023-01-01', 30, '00000000-0000-0000-0000-900000000010'),
       ('00000000-0000-0000-0000-A00000000011', '2023-01-01', 31, '00000000-0000-0000-0000-900000000011'),
       ('00000000-0000-0000-0000-A00000000012', '2023-01-01', 32, '00000000-0000-0000-0000-900000000012'),
       ('00000000-0000-0000-0000-A00000000013', '2023-01-01', 33, '00000000-0000-0000-0000-900000000013'),
       ('00000000-0000-0000-0000-A00000000014', '2023-01-01', 34, '00000000-0000-0000-0000-900000000014'),
       ('00000000-0000-0000-0000-A00000000015', '2023-01-01', 35, '00000000-0000-0000-0000-900000000015');

INSERT INTO public.water_price (price_id, application_period, created_at, description, environment_price,
                                expiration_date, tax, updated_at, usage_target)
VALUES ('00000000-0000-0000-0000-B00000000001', '2018-01-01', NOW(), 'Giá nước sinh hoạt dân cư mức 1 khu vực 1', 10.00,
        '2019-01-01', 400000.00, NOW(), 'DOMESTIC'),
       ('00000000-0000-0000-0000-B00000000005', '2019-02-01', NOW(), 'Giá nước sinh hoạt dân cư mức 2 khu vực 1', 10.00,
        '2019-04-01', 480000.00, NOW(), 'DOMESTIC'),
       ('00000000-0000-0000-0000-B00000000009', '2019-05-01', NOW(), 'Giá nước sinh hoạt dân cư mức 3 khu vực 1', 10.00,
        '2019-06-01', 560000.00, NOW(), 'DOMESTIC'),
       ('00000000-0000-0000-0000-B00000000013', '2019-07-01', NOW(), 'Giá nước sinh hoạt dân cư khu vực 2', 10.00,
        '2050-01-01', 385000.00, NOW(), 'DOMESTIC'),
       ('00000000-0000-0000-0000-B00000000002', '2018-01-01', NOW(), 'Giá nước hành chính sự nghiệp khu vực 1', 10.00,
        '2019-01-01', 590000.00, NOW(), 'INSTITUTIONAL'),
       ('00000000-0000-0000-0000-B00000000006', '2019-02-01', NOW(), 'Giá nước hành chính sự nghiệp khu vực 2', 10.00,
        '2019-04-01', 480000.00, NOW(), 'INSTITUTIONAL'),
       ('00000000-0000-0000-0000-B00000000003', '2018-01-01', NOW(), 'Giá nước sản xuất vật chất khu vực 1', 10.00,
        '2019-01-01', 625000.00, NOW(), 'INDUSTRIAL'),
       ('00000000-0000-0000-0000-B00000000007', '2019-02-01', NOW(), 'Giá nước sản xuất vật chất khu vực 2', 10.00,
        '2019-04-01', 500000.00, NOW(), 'INDUSTRIAL'),
       ('00000000-0000-0000-0000-B00000000004', '2018-01-01', NOW(), 'Giá nước kinh doanh dịch vụ khu vực 1', 10.00,
        '2019-01-01', 1000000.00, NOW(), 'COMMERCIAL'),
       ('00000000-0000-0000-0000-B00000000008', '2019-02-01', NOW(), 'Giá nước kinh doanh dịch vụ khu vực 2', 10.00,
        '2019-04-01', 1000000.00, NOW(), 'COMMERCIAL');

INSERT INTO public.water_price_price_types (water_price_price_id, price_types_price_type_id)
VALUES ('00000000-0000-0000-0000-B00000000001', '00000000-0000-0000-0000-500000000001'),
       ('00000000-0000-0000-0000-B00000000001', '00000000-0000-0000-0000-500000000002'),
       ('00000000-0000-0000-0000-B00000000001', '00000000-0000-0000-0000-500000000003'),
       ('00000000-0000-0000-0000-B00000000005', '00000000-0000-0000-0000-500000000002'),
       ('00000000-0000-0000-0000-B00000000009', '00000000-0000-0000-0000-500000000003'),
       ('00000000-0000-0000-0000-B00000000013', '00000000-0000-0000-0000-500000000007'),
       ('00000000-0000-0000-0000-B00000000002', '00000000-0000-0000-0000-500000000004'),
       ('00000000-0000-0000-0000-B00000000006', '00000000-0000-0000-0000-500000000008'),
       ('00000000-0000-0000-0000-B00000000003', '00000000-0000-0000-0000-500000000005'),
       ('00000000-0000-0000-0000-B00000000007', '00000000-0000-0000-0000-500000000009'),
       ('00000000-0000-0000-0000-B00000000004', '00000000-0000-0000-0000-500000000006'),
       ('00000000-0000-0000-0000-B00000000008', '00000000-0000-0000-0000-500000000010');

-- ==========================================================
-- TEST DATA for /usage/{serial} with progressive charge
-- Pairing customer C001 (customer service) with meter A...01.
-- Progressive tiers:
--   step1: first 10m3 -> 3000
--   step2: next 20m3 -> 20000
--   step3: remaining   -> 30000
-- ==========================================================
INSERT INTO public.water_price (price_id, application_period, created_at, description, environment_price,
                                expiration_date, tax, updated_at, usage_target)
VALUES ('00000000-0000-0000-0000-B90000000001', '2026-01-01', NOW(), 'TEST - Bảng giá lũy tiến cho endpoint usage',
        500.00,
        '2030-01-01', 5.00, NOW(), 'DOMESTIC')
ON CONFLICT (price_id) DO NOTHING;

INSERT INTO public.price_type (price_type_id, area, price)
VALUES ('00000000-0000-0000-0000-590000000001', 'TEST', '{
  "price": 3000,
  "step": 1,
  "maxVolume": 10
}'::jsonb),
       ('00000000-0000-0000-0000-590000000002', 'TEST', '{
         "price": 20000,
         "step": 2,
         "maxVolume": 20
       }'::jsonb),
       ('00000000-0000-0000-0000-590000000003', 'TEST', '{
         "price": 30000,
         "step": 3
       }'::jsonb)
ON CONFLICT (price_type_id) DO NOTHING;

INSERT INTO public.water_price_price_types (water_price_price_id, price_types_price_type_id)
VALUES ('00000000-0000-0000-0000-B90000000001', '00000000-0000-0000-0000-590000000001'),
       ('00000000-0000-0000-0000-B90000000001', '00000000-0000-0000-0000-590000000002'),
       ('00000000-0000-0000-0000-B90000000001', '00000000-0000-0000-0000-590000000003')
ON CONFLICT DO NOTHING;

-- Ensure usage history row for meter A...01 has valid structure and links customer C001.
-- Use UPSERT so this record always exists even if previous seed data is empty/inconsistent.
INSERT INTO public.usage_history (customer_id, meter_code, usages)
VALUES ('C001',
        '00000000-0000-0000-0000-A00000000001',
        '[
          {
            "recordingDate": "2026-02-01",
            "index": 100.00,
            "mass": 10.00,
            "price": 35000.00,
            "meterImageUrl": "https://example.com/meter-prev.jpg",
            "isPaid": true,
            "paymentMethod": "CASH"
          }
        ]'::jsonb)
ON CONFLICT (meter_code) DO UPDATE
  SET customer_id = EXCLUDED.customer_id,
      usages      = EXCLUDED.usages;

-- Sample meters for Roadmap 0003 customers
INSERT INTO public.water_meter (meter_code, installation_date, size, water_meter_type_id)
VALUES ('M008', '2023-01-01', 15, '00000000-0000-0000-0000-900000000006'),
       ('M009', '2023-01-01', 15, '00000000-0000-0000-0000-900000000006'),
       ('M010', '2023-01-01', 15, '00000000-0000-0000-0000-900000000006'),
       ('M011', '2023-01-01', 15, '00000000-0000-0000-0000-900000000006'),
       ('M012', '2023-01-01', 15, '00000000-0000-0000-0000-900000000006'),
       ('M013', '2023-01-01', 15, '00000000-0000-0000-0000-900000000006'),
       ('M014', '2023-01-01', 15, '00000000-0000-0000-0000-900000000006'),
       ('M016', '2023-01-01', 15, '00000000-0000-0000-0000-900000000006'),
       ('M017', '2023-01-01', 15, '00000000-0000-0000-0000-900000000006')
ON CONFLICT (meter_code) DO NOTHING;

-- Usage history for these customers
INSERT INTO public.usage_history (customer_id, meter_code, usages)
VALUES ('C008', 'M008', '[{"recordingDate": "2026-03-01", "index": 50.0, "mass": 5.0, "price": 15000.0, "isPaid": false}]'::jsonb),
       ('C009', 'M009', '[{"recordingDate": "2026-03-01", "index": 60.0, "mass": 6.0, "price": 18000.0, "isPaid": false}]'::jsonb),
       ('C010', 'M010', '[{"recordingDate": "2026-03-01", "index": 70.0, "mass": 7.0, "price": 21000.0, "isPaid": false}]'::jsonb),
       ('C011', 'M011', '[{"recordingDate": "2026-03-01", "index": 80.0, "mass": 8.0, "price": 24000.0, "isPaid": false}]'::jsonb),
       ('C012', 'M012', '[{"recordingDate": "2026-03-01", "index": 90.0, "mass": 9.0, "price": 27000.0, "isPaid": false}]'::jsonb),
       ('C013', 'M013', '[{"recordingDate": "2026-03-01", "index": 100.0, "mass": 10.0, "price": 30000.0, "isPaid": false}]'::jsonb),
       ('C014', 'M014', '[{"recordingDate": "2026-03-01", "index": 110.0, "mass": 11.0, "price": 33000.0, "isPaid": false}]'::jsonb),
       ('C016', 'M016', '[{"recordingDate": "2026-03-01", "index": 120.0, "mass": 12.0, "price": 36000.0, "isPaid": false}]'::jsonb),
       ('C017', 'M017', '[{"recordingDate": "2026-03-01", "index": 130.0, "mass": 13.0, "price": 39000.0, "isPaid": false}]'::jsonb)
ON CONFLICT (meter_code) DO UPDATE
  SET customer_id = EXCLUDED.customer_id,
      usages      = EXCLUDED.usages;
